{
  "version": "1",
  "cognitoConfig": {
    "identityPoolName": "ehwebappidpool",
    "allowUnauthenticatedIdentities": false,
    "resourceNameTruncated": "ehweba007f204a",
    "userPoolName": "ehwebappuserpool",
    "autoVerifiedAttributes": [
      "phone_number"
    ],
    "mfaConfiguration": "OFF",
    "mfaTypes": [
      "SMS Text Message"
    ],
    "smsAuthenticationMessage": "Your authentication code is {####}",
    "smsVerificationMessage": "Your verification code is {####}",
    "emailVerificationSubject": "Your verification code",
    "emailVerificationMessage": "Your verification code is {####}",
    "defaultPasswordPolicy": false,
    "passwordPolicyMinLength": 8,
    "passwordPolicyCharacters": [],
    "requiredAttributes": [
      "email",
      "name"
    ],
    "aliasAttributes": [],
    "userpoolClientGenerateSecret": false,
    "userpoolClientRefreshTokenValidity": 30,
    "userpoolClientWriteAttributes": [
      "email"
    ],
    "userpoolClientReadAttributes": [
      "email"
    ],
    "userpoolClientLambdaRole": "ehweba007f204a_userpoolclient_lambda_role",
    "userpoolClientSetAttributes": false,
    "sharedId": "007f204a",
    "resourceName": "ehwebappresources",
    "authSelections": "identityPoolAndUserPool",
    "useDefault": "manual",
    "thirdPartyAuth": false,
    "usernameAttributes": [
      "phone_number"
    ],
    "userPoolGroups": true,
    "adminQueries": false,
    "triggers": {},
    "hostedUI": false,
    "userPoolGroupList": [
      "employee",
      "admin"
    ],
    "serviceName": "Cognito",
    "usernameCaseSensitive": false,
    "useEnabledMfas": true
  }
}