{
  "providers": {
    "awscloudformation": {
      "AuthRoleName": "amplify-ehwebapp-dev-174359-authRole",
      "UnauthRoleArn": "arn:aws:iam::068621236033:role/amplify-ehwebapp-dev-174359-unauthRole",
      "AuthRoleArn": "arn:aws:iam::068621236033:role/amplify-ehwebapp-dev-174359-authRole",
      "Region": "us-west-2",
      "DeploymentBucketName": "amplify-ehwebapp-dev-174359-deployment",
      "UnauthRoleName": "amplify-ehwebapp-dev-174359-unauthRole",
      "StackName": "amplify-ehwebapp-dev-174359",
      "StackId": "arn:aws:cloudformation:us-west-2:068621236033:stack/amplify-ehwebapp-dev-174359/e6563900-ea01-11ec-a3a0-0a0540b4bed7",
      "AmplifyAppId": "d2mw6e518r9z6g"
    }
  },
  "auth": {
    "userPoolGroups": {
      "service": "Cognito-UserPool-Groups",
      "providerPlugin": "awscloudformation",
      "dependsOn": [
        {
          "category": "auth",
          "resourceName": "ehwebappresources",
          "attributes": [
            "UserPoolId",
            "AppClientIDWeb",
            "AppClientID",
            "IdentityPoolId"
          ]
        }
      ],
      "output": {
        "employeeGroupRole": "arn:aws:iam::068621236033:role/us-west-2_3CQjkr0d1-employeeGroupRole",
        "adminGroupRole": "arn:aws:iam::068621236033:role/us-west-2_3CQjkr0d1-adminGroupRole"
      },
      "lastPushTimeStamp": "2022-06-17T03:04:30.979Z",
      "providerMetadata": {
        "s3TemplateURL": "https://s3.amazonaws.com/amplify-ehwebapp-dev-174359-deployment/amplify-cfn-templates/auth/userPoolGroups-cloudformation-template.json",
        "logicalId": "authuserPoolGroups"
      },
      "userPoolGroups": {
        "service": "Cognito-UserPool-Groups",
        "providerPlugin": "awscloudformation",
        "dependsOn": [
          {
            "category": "auth",
            "resourceName": "ehwebappresources",
            "attributes": [
              "UserPoolId",
              "AppClientIDWeb",
              "AppClientID",
              "IdentityPoolId"
            ]
          }
        ]
      },
      "lastPushDirHash": "u5LSQyU2z+ZetcmUYbq1Y8me/PM="
    },
    "ehwebappresources": {
      "service": "Cognito",
      "providerPlugin": "awscloudformation",
      "dependsOn": [],
      "customAuth": false,
      "frontendAuthConfig": {
        "socialProviders": [],
        "usernameAttributes": [
          "PHONE_NUMBER"
        ],
        "signupAttributes": [
          "EMAIL",
          "NAME"
        ],
        "passwordProtectionSettings": {
          "passwordPolicyMinLength": 8,
          "passwordPolicyCharacters": []
        },
        "mfaConfiguration": "OFF",
        "mfaTypes": [
          "SMS"
        ],
        "verificationMechanisms": [
          "PHONE_NUMBER"
        ]
      },
      "output": {
        "CreatedSNSRole": "arn:aws:iam::068621236033:role/sns007f204a174359-dev",
        "UserPoolId": "us-west-2_3CQjkr0d1",
        "AppClientIDWeb": "3q8igijbk3p4qkib9f3rk9g0af",
        "AppClientID": "4eqfniagv3gm9hdgt9pr8bp11h",
        "IdentityPoolId": "us-west-2:27ed1493-4d9e-4655-8a43-e2aca015bc88",
        "UserPoolArn": "arn:aws:cognito-idp:us-west-2:068621236033:userpool/us-west-2_3CQjkr0d1",
        "IdentityPoolName": "ehwebappidpool__dev",
        "UserPoolName": "ehwebappuserpool"
      },
      "lastPushTimeStamp": "2022-06-17T03:04:30.979Z",
      "providerMetadata": {
        "s3TemplateURL": "https://s3.amazonaws.com/amplify-ehwebapp-dev-174359-deployment/amplify-cfn-templates/auth/ehwebappresources-cloudformation-template.json",
        "logicalId": "authehwebappresources"
      },
      "lastPushDirHash": "QPjF7MJKb+0RGev5vbAshNvRv5Y="
    }
  },
  "api": {
    "ehwebapp": {
      "service": "AppSync",
      "providerPlugin": "awscloudformation",
      "dependsOn": [
        {
          "category": "auth",
          "resourceName": "ehwebappresources",
          "attributes": [
            "UserPoolId"
          ]
        }
      ],
      "output": {
        "authConfig": {
          "defaultAuthentication": {
            "authenticationType": "API_KEY",
            "apiKeyConfig": {
              "apiKeyExpirationDays": 7
            }
          },
          "additionalAuthenticationProviders": [
            {
              "authenticationType": "AMAZON_COGNITO_USER_POOLS",
              "userPoolConfig": {
                "userPoolId": "authehwebappresources"
              }
            }
          ]
        },
        "GraphQLAPIIdOutput": "e6gpxaceqncqtnbnlitku2lone",
        "GraphQLAPIEndpointOutput": "https://ega6xfi2pbh65ey5wei2s5d25e.appsync-api.us-west-2.amazonaws.com/graphql",
        "GraphQLAPIKeyOutput": "da2-vaipyetz6vgx5gf63vlpxlrn5u"
      },
      "lastPushTimeStamp": "2022-06-17T03:04:30.979Z",
      "providerMetadata": {
        "s3TemplateURL": "https://s3.amazonaws.com/amplify-ehwebapp-dev-174359-deployment/amplify-cfn-templates/api/cloudformation-template.json",
        "logicalId": "apiehwebapp"
      },
      "lastPushDirHash": "x9PThz/AMJhxaZLq1mat+e3Pbr0="
    }
  }
}